{
  "bleu": 17.13754401674978,
  "rouge1": 0.4826282198048432,
  "rouge2": 0.253227193774623,
  "rougeL": 0.44497293563432694,
  "semantic_similarity": 0.674777391077847,
  "grammar_issues": 0.15916787614900824
}
