{
  "bleu": 20.672015863252867,
  "rouge1": 0.5183912514577116,
  "rouge2": 0.2914531672449476,
  "rougeL": 0.48204443649132095,
  "semantic_similarity": 0.7215691575961639,
  "grammar_issues": 0.12723754233188195
}