{
  "bleu": 15.714958030305459,
  "rouge1": 0.46619469585125595,
  "rouge2": 0.23453845556777772,
  "rougeL": 0.4307186697376424,
  "semantic_similarity": 0.6759550365694607,
  "grammar_issues": 0.13933236574746008
}