{
  "bleu": 9.270253239744124,
  "rouge1": 0.42386457122973836,
  "rouge2": 0.17935372847526668,
  "rougeL": 0.3867023091030392,
  "semantic_similarity": 0.6291025256387526,
  "grammar_issues": 1.8016448959845186
}
